Variant,Source,Residual,Ivocaftor,Lumacaftor,Combination Therapy,Notes,Additional Notes
A1006E,cutting,3.9,4.79,6.4,10.21,,
A349V,cutting,37.65,96.37,72.67,83.12,,
A613T,cutting,2.65,3.71,6.12,7.61,,
D1152H,larusch,43,None,None,None,estimated from conductance values,
D1270N,larusch,74,None,None,None,estimated from conductance values,
D513G,cutting,7.05,10.37,12.86,15.22,,
D979V,cutting,8.63,18.97,24.15,72.44,,
E116K,cutting,6.88,16.43,11.59,32.91,,
E217G,lee,98,None,None,None,estimated from conductance values,
E474K,cutting,1.17,0.96,3.86,5.86,,
F1016S,cutting,15.83,24.75,38.19,55.39,,
F311L,cutting,5.13,14.72,7.31,25.13,,
F508del,cutting,0.75,1.27,3.54,5.81,,
G27R,cutting,0.91,0.84,5.14,5.18,,
G551D,cutting,3.41,17.18,4.29,33.58,,
G622D,cutting,18.8,24.93,41.7,54.72,,
G91R,cutting,1.63,1.69,14.29,21.09,,
H139R,cutting,1.5,2.3,2.96,3.33,,
H609R,cutting,1.89,2.46,2.84,3.86,,
I336K,cutting,3.25,4.53,8.02,28.14,,
I340N,cutting,10.16,13.69,44.59,47.55,,
I556V,lee,64,None,None,None,estimated from conductance values,
L1335P,cutting,2.65,3.54,3.21,4.44,,
L138ins,cutting,1.65,2.25,16.1,29.82,,
L145H,cutting,5.62,7.49,51.48,72.76,,
L165S,cutting,1.89,1.74,3.1,4.8,,
L453S,cutting,3.38,3.58,6.75,7.59,,
L967S,larusch,64,None,None,None,estimated from conductance values,
L997F,larusch,54,None,None,None,estimated from conductance values,* combo special
M348V,cutting,77.76,138.79,102.98,124.19,,
P574H,cutting,4.28,7.32,11.49,20.81,,
P5L,cutting,21.86,25.93,57.72,62.2,,
P99L,cutting,3.67,5.12,7,10.25,,
Q1352H,lee,45,None,None,None,estimated from conductance values,
Q98R,cutting,4.45,5.53,14.32,18.84,,
R117H,larusch,36,None,None,None,estimated from conductance values,
R117L,cutting,10.22,17.76,13.16,25.44,,
R1283M,cutting,10.3,12.49,12.07,19.09,,
R1453W,lee,18,None,None,None,estimated from conductance values,
R170H,larusch,47,None,None,None,estimated from conductance values,
R31C,jurkuvenaite,48,None,None,None,estimated from protein levels,
R31L,jurkuvenaite,52,None,None,None,estimated from protein levels,
R334L,cutting,2.49,2.61,3.5,4.47,,
R334Q,cutting,25.45,36.45,31.14,43.31,,
R334W,cutting,1.1,1.85,1.35,1.78,,
R74Q,larusch,64,None,None,None,estimated from conductance values,
R75Q,larusch,46,None,None,None,estimated from conductance values,
S1118F,cutting,4.76,8.56,8.9,18.33,,
S1159F,cutting,7.36,43.8,18.37,59.53,,
S1159P,cutting,6.38,29.33,10.94,42.2,,
S1235R,larusch,64,None,None,None,estimated from conductance values,
S341P,cutting,0.83,1.6,1.18,2.45,,
S912L,clain,100,None,None,None,estimated from conductance values,* combo special
T1246I,cutting,20.05,52.88,35.24,74.73,,
T338I,cutting,7.15,11.77,9.29,17.1,,
V232D,cutting,4.3,5.53,19.26,30.55,,
V456A,cutting,4.42,6.89,8.19,11.46,,
W1098C,cutting,3.37,4.11,12.12,19.07,,
W57G,cutting,1.15,1.33,1.89,2.53,,
Y1032C,cutting,13.02,14.18,78.53,76.4,,
Y563N,cutting,0.55,0.68,0.91,1.02,,